epoch,time,train/box_loss,train/cls_loss,train/dfl_loss,metrics/precision(B),metrics/recall(B),metrics/mAP50(B),metrics/mAP50-95(B),val/box_loss,val/cls_loss,val/dfl_loss,lr/pg0,lr/pg1,lr/pg2
1,319.807,2.81657,4.19246,2.95409,0.00167,0.5,0.0025,0.00036,3.73413,4.09691,3.37657,0.09604,4e-05,4e-05
2,321.043,2.86138,3.96214,2.78123,0.00233,0.7,0.01303,0.00158,3.31448,3.63813,3.13116,0.0910892,8.919e-05,8.919e-05
3,321.891,2.84484,3.80133,2.8108,0.002,0.6,0.0043,0.00081,3.25939,3.2526,3.45352,0.0861375,0.00013748,0.00013748
4,501.876,2.65443,3.49368,2.67416,0.00267,0.8,0.01572,0.0021,3.19651,3.24711,3.55162,0.0811849,0.00018487,0.00018487
5,502.526,2.53745,3.4798,2.57871,0.00233,0.7,0.0036,0.00089,3.36816,3.2678,3.86046,0.0762314,0.00023136,0.00023136
6,503.067,2.67371,3.40758,2.59293,0.00233,0.7,0.00899,0.002,2.92906,3.07479,3.04728,0.071277,0.00027695,0.00027695
7,503.491,2.28687,3.47955,2.27744,0.00267,0.8,0.11772,0.02345,2.91806,3.06602,2.98056,0.0663216,0.00032164,0.00032164
8,503.963,2.5153,3.49081,2.47859,0.00267,0.8,0.11772,0.02345,2.91806,3.06602,2.98056,0.0613654,0.00036543,0.00036543
9,504.423,2.41385,3.39825,2.33208,0.003,0.9,0.04341,0.01066,2.51979,3.33929,2.5877,0.0564083,0.00040832,0.00040832
10,504.943,2.50874,3.57684,2.45114,0.00267,0.8,0.03367,0.009,2.67701,3.48951,2.68058,0.0514503,0.00045031,0.00045031
11,505.799,2.39777,3.50972,2.31573,0.00267,0.8,0.03367,0.009,2.67701,3.48951,2.68058,0.0464914,0.0004914,0.0004914
12,508.074,2.30251,3.49547,2.27675,0.003,0.9,0.14239,0.04965,2.59689,3.44189,2.58621,0.0415316,0.00053159,0.00053159
13,508.624,2.36166,3.43615,2.3175,0.003,0.9,0.14239,0.04965,2.59689,3.44189,2.58621,0.0365709,0.00057088,0.00057088
14,509.003,2.46311,3.49632,2.4026,0.003,0.9,0.14239,0.04965,2.59689,3.44189,2.58621,0.0316093,0.00060927,0.00060927
15,509.445,2.40384,3.40231,2.44977,0.00333,1,0.15968,0.06752,2.55776,3.24148,2.49049,0.0266468,0.00064676,0.00064676
16,510.102,2.43992,3.42137,2.43921,0.00333,1,0.15968,0.06752,2.55776,3.24148,2.49049,0.0216834,0.00068335,0.00068335
17,511.008,2.29291,3.42,2.25848,0.00333,1,0.15968,0.06752,2.55776,3.24148,2.49049,0.016719,0.00071904,0.00071904
18,511.795,2.37753,3.42921,2.3942,0.00333,1,0.11262,0.02435,2.60667,3.13328,2.55168,0.0117538,0.00075383,0.00075383
19,512.98,2.13242,3.43214,2.16791,0.00333,1,0.11262,0.02435,2.60667,3.13328,2.55168,0.00678772,0.00078772,0.00078772
20,513.433,2.29055,3.2774,2.20046,0.00333,1,0.11262,0.02435,2.60667,3.13328,2.55168,0.00182071,0.00082071,0.00082071
21,513.841,2.3417,3.13702,2.3711,0.00333,1,0.07294,0.01835,2.58001,3.12564,2.55888,0.00082,0.00082,0.00082
22,514.212,2.15959,3.19801,2.18701,0.00333,1,0.07294,0.01835,2.58001,3.12564,2.55888,0.000811,0.000811,0.000811
23,514.57,2.25169,3.57135,2.25659,0.00333,1,0.07294,0.01835,2.58001,3.12564,2.55888,0.000802,0.000802,0.000802
24,515.02,2.11365,3.40985,2.20121,0.00333,1,0.05821,0.01676,2.52068,3.15511,2.4637,0.000793,0.000793,0.000793
25,515.398,2.2218,3.50051,2.22375,0.00333,1,0.05821,0.01676,2.52068,3.15511,2.4637,0.000784,0.000784,0.000784
26,515.769,2.20477,3.27086,2.23488,0.00333,1,0.05821,0.01676,2.52068,3.15511,2.4637,0.000775,0.000775,0.000775
27,516.166,2.24415,3.31143,2.30949,0.00333,1,0.05646,0.0113,2.58333,3.31556,2.7636,0.000766,0.000766,0.000766
28,516.535,2.28641,3.23492,2.32362,0.00333,1,0.05646,0.0113,2.58333,3.31556,2.7636,0.000757,0.000757,0.000757
29,516.902,2.32688,3.1509,2.33417,0.00333,1,0.05646,0.0113,2.58333,3.31556,2.7636,0.000748,0.000748,0.000748
30,517.275,2.2235,3.40885,2.30557,0.02901,0.5,0.0533,0.01172,2.32823,3.33267,2.60104,0.000739,0.000739,0.000739
31,517.795,2.3057,3.26775,2.26341,0.02901,0.5,0.0533,0.01172,2.32823,3.33267,2.60104,0.00073,0.00073,0.00073
32,522.003,2.18245,3.20614,2.20903,0.02901,0.5,0.0533,0.01172,2.32823,3.33267,2.60104,0.000721,0.000721,0.000721
33,522.931,2.18068,3.14764,2.229,0.02901,0.5,0.0533,0.01172,2.32823,3.33267,2.60104,0.000712,0.000712,0.000712
34,525.731,2.25984,3.17707,2.26778,0.03454,0.3,0.03871,0.00966,2.75688,3.23227,2.57005,0.000703,0.000703,0.000703
35,526.148,2.2357,3.22517,2.27982,0.03454,0.3,0.03871,0.00966,2.75688,3.23227,2.57005,0.000694,0.000694,0.000694
36,526.51,2.16056,3.11569,2.23941,0.03454,0.3,0.03871,0.00966,2.75688,3.23227,2.57005,0.000685,0.000685,0.000685
37,526.895,2.14872,3.10692,2.1743,0.03704,0.3,0.03255,0.00776,2.81247,3.23298,2.58183,0.000676,0.000676,0.000676
38,527.345,2.14609,3.16014,2.23832,0.03704,0.3,0.03255,0.00776,2.81247,3.23298,2.58183,0.000667,0.000667,0.000667
39,527.698,2.16792,3.1588,2.22298,0.03704,0.3,0.03255,0.00776,2.81247,3.23298,2.58183,0.000658,0.000658,0.000658
40,528.066,2.12771,3.07097,2.19188,0.14507,0.2,0.08263,0.02433,2.57707,3.55497,2.53085,0.000649,0.000649,0.000649
41,528.433,2.08059,3.0165,2.12711,0.14507,0.2,0.08263,0.02433,2.57707,3.55497,2.53085,0.00064,0.00064,0.00064
42,528.8,2.13943,3.1065,2.21802,0.14507,0.2,0.08263,0.02433,2.57707,3.55497,2.53085,0.000631,0.000631,0.000631
43,529.229,2.17022,3.00961,2.17809,0.05538,0.2,0.05222,0.01943,2.30361,3.42918,2.4833,0.000622,0.000622,0.000622
44,529.602,2.25018,3.21333,2.30205,0.05538,0.2,0.05222,0.01943,2.30361,3.42918,2.4833,0.000613,0.000613,0.000613
45,530.152,1.92337,2.97152,2.02942,0.05538,0.2,0.05222,0.01943,2.30361,3.42918,2.4833,0.000604,0.000604,0.000604
46,534.167,2.06442,3.06632,2.16498,0.07234,0.1,0.08663,0.03182,2.20518,3.33807,2.42073,0.000595,0.000595,0.000595
47,534.705,2.14841,3.13109,2.26803,0.07234,0.1,0.08663,0.03182,2.20518,3.33807,2.42073,0.000586,0.000586,0.000586
48,536.6,2.22084,3.11305,2.27498,0.07234,0.1,0.08663,0.03182,2.20518,3.33807,2.42073,0.000577,0.000577,0.000577
49,537.025,2.15099,3.09281,2.15966,0.07234,0.1,0.08663,0.03182,2.20518,3.33807,2.42073,0.000568,0.000568,0.000568
50,537.456,2.32752,3.01976,2.31371,0.07599,0.2,0.08553,0.02723,2.17523,3.40481,2.36161,0.000559,0.000559,0.000559
51,537.853,2.07746,3.05881,2.16231,0.07599,0.2,0.08553,0.02723,2.17523,3.40481,2.36161,0.00055,0.00055,0.00055
52,538.226,2.18741,3.09824,2.26967,0.07599,0.2,0.08553,0.02723,2.17523,3.40481,2.36161,0.000541,0.000541,0.000541
53,538.681,2.01888,2.99434,2.17387,0.08976,0.5,0.07734,0.024,2.3403,3.40068,2.47473,0.000532,0.000532,0.000532
54,539.043,1.99877,2.93622,2.06506,0.08976,0.5,0.07734,0.024,2.3403,3.40068,2.47473,0.000523,0.000523,0.000523
55,539.408,2.19657,3.00822,2.233,0.08976,0.5,0.07734,0.024,2.3403,3.40068,2.47473,0.000514,0.000514,0.000514
56,539.767,1.89059,3.05659,1.99458,0.06537,0.3,0.06476,0.02513,2.25937,3.39095,2.48754,0.000505,0.000505,0.000505
57,540.13,2.17797,2.95082,2.17142,0.06537,0.3,0.06476,0.02513,2.25937,3.39095,2.48754,0.000496,0.000496,0.000496
58,540.491,2.03289,2.78378,2.01224,0.06537,0.3,0.06476,0.02513,2.25937,3.39095,2.48754,0.000487,0.000487,0.000487
59,540.854,1.96715,2.99995,2.0834,0.15781,0.2,0.12555,0.04363,2.11354,3.27325,2.41732,0.000478,0.000478,0.000478
60,541.283,1.92364,2.98426,2.08834,0.15781,0.2,0.12555,0.04363,2.11354,3.27325,2.41732,0.000469,0.000469,0.000469
61,541.646,2.00522,2.89504,2.10048,0.15781,0.2,0.12555,0.04363,2.11354,3.27325,2.41732,0.00046,0.00046,0.00046
62,542.017,2.14298,3.15487,2.18954,0.20533,0.3,0.17667,0.05543,2.07955,3.13072,2.35271,0.000451,0.000451,0.000451
63,542.379,1.93175,3.06023,2.10888,0.20533,0.3,0.17667,0.05543,2.07955,3.13072,2.35271,0.000442,0.000442,0.000442
64,542.743,2.06165,2.96241,2.16209,0.20533,0.3,0.17667,0.05543,2.07955,3.13072,2.35271,0.000433,0.000433,0.000433
65,543.105,1.98235,3.083,2.08141,0.20533,0.3,0.17667,0.05543,2.07955,3.13072,2.35271,0.000424,0.000424,0.000424
66,543.468,1.87856,2.94455,1.97405,0.15953,0.2,0.19583,0.06675,2.07007,3.16819,2.32326,0.000415,0.000415,0.000415
67,543.9,1.96346,2.91274,2.1002,0.15953,0.2,0.19583,0.06675,2.07007,3.16819,2.32326,0.000406,0.000406,0.000406
68,544.256,1.98563,2.90885,2.05058,0.15953,0.2,0.19583,0.06675,2.07007,3.16819,2.32326,0.000397,0.000397,0.000397
69,544.632,1.96297,2.97983,2.1092,0.2071,0.3,0.24733,0.06939,2.12429,3.08865,2.33368,0.000388,0.000388,0.000388
70,545.028,2.10697,2.98369,2.09591,0.2071,0.3,0.24733,0.06939,2.12429,3.08865,2.33368,0.000379,0.000379,0.000379
71,545.399,2.19181,3.019,2.28652,0.2071,0.3,0.24733,0.06939,2.12429,3.08865,2.33368,0.00037,0.00037,0.00037
72,545.772,2.12747,2.93929,2.17862,0.17106,0.2,0.22451,0.06714,2.13718,3.0088,2.30344,0.000361,0.000361,0.000361
73,546.126,2.14831,2.95177,2.17334,0.17106,0.2,0.22451,0.06714,2.13718,3.0088,2.30344,0.000352,0.000352,0.000352
74,546.561,2.07001,2.93232,2.0952,0.17106,0.2,0.22451,0.06714,2.13718,3.0088,2.30344,0.000343,0.000343,0.000343
75,546.921,1.89888,3.06016,2.01751,0.14554,0.2,0.24882,0.08392,2.12954,2.87087,2.25079,0.000334,0.000334,0.000334
76,547.289,1.97195,2.93194,2.11641,0.14554,0.2,0.24882,0.08392,2.12954,2.87087,2.25079,0.000325,0.000325,0.000325
77,547.658,2.06237,3.02557,2.12366,0.14554,0.2,0.24882,0.08392,2.12954,2.87087,2.25079,0.000316,0.000316,0.000316
78,548.034,2.1415,2.96263,2.13171,0.14117,0.2,0.21753,0.07813,2.21718,2.9468,2.28423,0.000307,0.000307,0.000307
79,548.396,1.95422,2.7817,2.04272,0.14117,0.2,0.21753,0.07813,2.21718,2.9468,2.28423,0.000298,0.000298,0.000298
80,548.756,2.00938,2.78424,2.08927,0.14117,0.2,0.21753,0.07813,2.21718,2.9468,2.28423,0.000289,0.000289,0.000289
81,549.185,2.0229,2.94098,2.00702,0.14117,0.2,0.21753,0.07813,2.21718,2.9468,2.28423,0.00028,0.00028,0.00028
82,549.551,1.82018,2.75633,1.92963,0.1825,0.3,0.22474,0.08805,2.25875,2.93745,2.29172,0.000271,0.000271,0.000271
83,549.928,1.93265,2.9158,2.00782,0.1825,0.3,0.22474,0.08805,2.25875,2.93745,2.29172,0.000262,0.000262,0.000262
84,550.297,1.88577,2.8277,1.96908,0.1825,0.3,0.22474,0.08805,2.25875,2.93745,2.29172,0.000253,0.000253,0.000253
85,550.662,1.94639,2.9099,2.05024,0.19278,0.3,0.22387,0.08722,2.25124,2.93924,2.26897,0.000244,0.000244,0.000244
86,551.02,1.90379,3.03532,1.98494,0.19278,0.3,0.22387,0.08722,2.25124,2.93924,2.26897,0.000235,0.000235,0.000235
87,551.388,1.9788,2.9366,2.07144,0.19278,0.3,0.22387,0.08722,2.25124,2.93924,2.26897,0.000226,0.000226,0.000226
88,551.824,2.0866,2.96851,2.09852,0.20267,0.3,0.24372,0.09331,2.24402,2.87395,2.24438,0.000217,0.000217,0.000217
89,552.198,1.91917,2.61913,1.95306,0.20267,0.3,0.24372,0.09331,2.24402,2.87395,2.24438,0.000208,0.000208,0.000208
90,552.566,1.81853,2.84385,1.98726,0.20267,0.3,0.24372,0.09331,2.24402,2.87395,2.24438,0.000199,0.000199,0.000199
91,553.382,1.81877,3.35544,2.0585,0.2768,0.46075,0.2642,0.09123,2.22204,2.80489,2.22141,0.00019,0.00019,0.00019
92,553.744,2.05841,3.22704,2.07758,0.2768,0.46075,0.2642,0.09123,2.22204,2.80489,2.22141,0.000181,0.000181,0.000181
93,554.105,1.8712,3.234,2.02102,0.2768,0.46075,0.2642,0.09123,2.22204,2.80489,2.22141,0.000172,0.000172,0.000172
94,554.508,1.81515,3.36857,2.05625,0.24223,0.41633,0.26524,0.09516,2.26497,2.79635,2.24455,0.000163,0.000163,0.000163
95,555.066,2.14083,3.4169,2.21913,0.24223,0.41633,0.26524,0.09516,2.26497,2.79635,2.24455,0.000154,0.000154,0.000154
96,555.44,1.92029,3.28077,2.06554,0.24223,0.41633,0.26524,0.09516,2.26497,2.79635,2.24455,0.000145,0.000145,0.000145
97,555.816,1.93666,3.35162,2.13977,0.24223,0.41633,0.26524,0.09516,2.26497,2.79635,2.24455,0.000136,0.000136,0.000136
98,556.177,1.8547,3.23264,2.05181,0.25043,0.46891,0.2751,0.09858,2.21074,2.78622,2.20638,0.000127,0.000127,0.000127
99,556.538,2.09956,3.30194,2.23424,0.25043,0.46891,0.2751,0.09858,2.21074,2.78622,2.20638,0.000118,0.000118,0.000118
100,556.901,1.94184,3.31231,1.99137,0.25043,0.46891,0.2751,0.09858,2.21074,2.78622,2.20638,0.000109,0.000109,0.000109
